crop,emmean,SE,df,lower.CL,upper.CL,.group
GPC,-3.305410264113251e-4,0.0023602611508516213,31,-0.006787442431900971,0.00612636037907832, a 
CR,0.003867443885866961,0.002728504345459844,31,-0.003596850282059127,0.011331738053793049, a 
WPC,0.004603586030671819,0.0023602611508516205,31,-0.0018533153748178247,0.011060487436161462, a 
AR,0.008756596413095835,0.0023602611508516218,31,0.0022996950076061883,0.015213497818585484, a 
PCRO,0.02097641587068202,0.002360261150851621,31,0.014519514465192377,0.027433317276171668,  b
