crop,emmean,SE,df,lower.CL,upper.CL,.group
PCRO,0.023795695655350373,0.0013009929801680786,31,0.020236605001696037,0.02735478630900471, a
GPC,0.024174448796894666,0.0013009929801680788,31,0.02061535814324033,0.027733539450549002, a
WPC,0.024448510222769258,0.0013009929801680786,31,0.02088941956911492,0.028007600876423594, a
CR,0.025863005903385115,0.0015039712866182376,31,0.02174863308880166,0.02997737871796857, a
AR,0.029143190478372934,0.0013009929801680792,31,0.025584099824718598,0.03270228113202727, a
